Exchange ID,Timestamp,Exact Prompt,Exact Response
7731af10-506b-f2ef-c6f8-77186d76b07e,2026-10-03T13:33:43.544Z,portable solar shower for camping,
88daf401-6b40-13ef-254b-0c4e010c4759,2026-10-03T18:30:16.288Z,talk to a person,"I'm the shopping assistant here to help you shop. For our customer service team, visit https://www.outdoordemo.com/help/contact"
f646e1f4-0a09-7c97-6bf4-6c697d2caf82,2026-10-03T14:44:09.955Z,bear canister,Here are approved bear canisters for backcountry trips:
eab477d2-6415-479c-65dc-9f503f63af83,2026-10-03T17:04:08.756Z,kayak roof rack,
3b1287ff-f52d-df5d-6164-99c9e25a7605,2026-10-03T17:46:22.699Z,gift card balance,I can't check gift card balances. You can check yours here: https://www.outdoordemo.com/gift-cards
49952399-c4aa-eac1-37dc-76fb0f17a300,2026-10-03T16:50:07.505Z,hammock with bug net,Here are camping hammocks with built-in bug nets:
f28c105d-1fb1-7c23-90c1-92cfd3ac94af,2026-10-03T12:08:27.060Z,kayak paddle,Great! I found kayak paddles in several lengths. Here are the most popular:
7b45145c-1a81-682c-64e5-0cad66237a04,2026-10-03T19:41:25.407Z,do you have a store near me,I don't have store locations. You can find stores here: https://www.outdoordemo.com/stores
14f4733f-3e7d-1bfb-c7a2-ea20b2f14c94,2026-10-03T14:05:50.184Z,I need to return a jacket that doesn't fit,Sorry it didn't fit! You can start a return from your account or see our policy here: https://www.outdoordemo.com/help/returns
fc132d0d-113d-b17d-30cb-c97d0fef7928,2026-10-03T19:55:40.410Z,binoculars for bird watching,Great! Here are binoculars great for bird watching:
1600a35a-0999-50d8-36f6-75cc81e74ef5,2026-10-03T11:42:03.931Z,waterproof hiking boots womens wide,Here are waterproof women's hiking boots available in wide widths:
2eae05cf-96d0-cc5f-d4c2-8c2e7c26847f,2026-10-03T18:15:14.012Z,snowshoes,Here are snowshoes for hiking and backcountry trails:
58d5563d-ab2c-d31e-e315-128862c33a4f,2026-10-03T16:23:18.733Z,can I change the shipping address on my order,"I can't change orders, but customer service can help if it hasn't shipped yet: https://www.outdoordemo.com/help/contact"
8d116ece-1738-f7d9-3d9c-172411e20b8f,2026-10-03T11:55:27.428Z,Where is my order? It was supposed to arrive yesterday,"I'm sorry your order is late. I don't have access to order tracking, but our customer service team can look it up for you: https://www.outdoordemo.com/help/contact"
57ee05cd-e009-02c7-7ebf-f20686734721,2026-10-03T14:18:36.307Z,live agent,"I'm the shopping assistant. For help from our team, please visit https://www.outdoordemo.com/help/contact"
a7abe1c2-9e1a-8ef4-f341-e07a83f73f16,2026-10-03T18:59:44.879Z,electric bike,
59a54a7b-b1fe-e08f-5712-42425051c1cc,2026-10-03T15:12:56.837Z,hydration pack 2l for trail running,Great! I found trail running hydration packs with 2L reservoirs:
1200339d-0687-39fa-9d1d-e2a05d158a2f,2026-10-03T20:38:06.971Z,tax exempt account for our scout troop,Tax-exempt accounts are handled by customer service. Please contact them with your certificate: https://www.outdoordemo.com/help/contact
895fd7b3-26b9-4c7f-9118-bb16000f49c8,2026-10-03T20:24:03.104Z,kayak for beginners,"Perfect! Here are stable, easy-to-paddle kayaks for beginners:"
7f150524-34b9-b5df-9e77-69b10f4205b4,2026-10-03T13:32:04.577Z,solar shower,
9c653938-2b05-37e6-5aff-b2297631a992,2026-10-03T16:37:01.963Z,climbing harness,Great! Here are climbing harnesses for gym and outdoor climbing:
8f6d0558-4ef8-aa38-9227-66581e27a1c0,2026-10-03T12:51:09.553Z,trekking poles,"Here are trekking poles, including foldable and carbon options:"
def88334-e647-cb8f-74e6-9a5d0dd27a65,2026-10-03T19:12:43.757Z,tent footprint for trailhead 2,Here's the footprint made for the Trailhead 2 tent:
1600a35a-0999-50d8-36f6-75cc81e74ef5,2026-10-03T11:42:03.931Z,waterproof hiking boots womens wide,Here are waterproof women's hiking boots available in wide widths:
59a54a7b-b1fe-e08f-5712-42425051c1cc,2026-10-03T15:12:56.837Z,hydration pack 2l for trail running,Great! I found trail running hydration packs with 2L reservoirs:
923a7369-94e3-bf91-1a61-dbe22e44158b,2026-10-03T13:03:52.698Z,Is there free shipping on orders over $50,I can't confirm current promotions. You can see active shipping offers here: https://www.outdoordemo.com/deals
8f2c6ec8-cc41-69a3-ae3a-2b7fdfe01893,2026-10-03T19:26:49.974Z,warmest winter jacket,Here are our warmest insulated winter jackets:
72158370-d269-a9a5-ae65-8f33fe3b890b,2026-10-03T16:08:41.591Z,cooler that keeps ice 5 days,Here are high-performance coolers rated for 5+ days of ice:
0c5c7fd0-a6a3-a450-6513-270e269e0d37,2026-10-03T11:30:20.970Z,2 person backpacking tent under 4 lbs,Great! I found lightweight 2-person tents under 4 lbs. Here are the top picks:
5790f82e-c1d3-fcff-2a3a-f4d46b0a18e8,2026-10-03T14:31:07.524Z,,The **Drift Shell** packs into its own pocket and weighs 7 oz. It's $149 and comes in 5 colours. Need a size guide?
b2715945-795e-8229-451a-bd81f1d69ed6,2026-10-03T15:41:53.095Z,headlamp rechargeable,Here are rechargeable headlamps from 300 to 1200 lumens:
99c94309-570d-c195-1c24-42f9298cb3a5,2026-10-03T20:10:13.451Z,kayak,Here are recreational and touring kayaks:
4f426dcb-b394-fb36-bb2d-420f0f88080b,2026-10-03T15:55:42.066Z,what tent do you recommend for camping with a dog,"For camping with a dog, a tent with a vestibule and durable floor helps. Here are some roomy options:"
20203626-f3fe-39c0-5190-88f590fbbd11,2026-10-03T18:44:23.624Z,trail running shoes,Here are trail running shoes for every terrain:
3f98e277-4cbd-87ad-5c90-a9587403e430,2026-10-03T13:50:37.945Z,kids sleeping bag 30 degree,Great! I found kids' sleeping bags rated to 30°F. Here are the best options:
9531985d-5d9d-c9f8-1818-e811892f902b,2026-10-03T11:31:04.840Z,,The **Ridgeline UL2** is the lightest at 3 lb 2 oz and is on sale for $289. The **Trailhead 2** adds a second door for $249. Want me to compare weather protection?
a8948c89-3b61-8676-26bb-7dbd2d1c9af0,2026-10-03T18:00:09.084Z,water filter for backpacking,Great! I found backpacking water filters and purifiers:
b64ce422-8c38-fb29-18f1-35d25f557203,2026-10-03T13:17:40.192Z,camp stove for family camping,Perfect! Here are two-burner camp stoves great for family trips:
a268aa87-2607-679d-6050-914a9d33a01c,2026-10-03T20:52:55.212Z,camp kitchen set,Here are camp cookware and kitchen sets:
12bd4ace-faec-bd38-9be4-bcfc49b64a08,2026-10-03T14:30:46.459Z,rain jacket mens lightweight packable,Here are lightweight packable rain jackets for men:
119a72d1-74c9-df6a-cc01-1cdd9474031b,2026-10-03T15:26:38.508Z,my promo code OUTDOOR20 isn't working,Sorry about that! Promo codes can have exclusions. Please contact customer service and they'll check it for you: https://www.outdoordemo.com/help/contact
3898d190-f9eb-dacc-0cb1-e29c658cda14,2026-10-03T12:24:36.599Z,do you price match REI,I don't have details on price matching. Please check our price match policy or contact customer service: https://www.outdoordemo.com/help/contact
923a7369-94e3-bf91-1a61-dbe22e44158b,2026-10-03T13:03:52.698Z,Is there free shipping on orders over $50,I can't confirm current promotions. You can see active shipping offers here: https://www.outdoordemo.com/deals
0fd630f1-f29d-0da9-953f-48f1a09f76b5,2026-10-03T12:09:14.645Z,,For most recreational kayaks a 220-230 cm paddle works well. The **Glide 230** is a customer favourite at $129.
ca02135e-92b1-d3f2-8ede-0d7ac3baea9e,2026-10-03T14:59:42.079Z,fishing waders,
7961fd92-5d39-d0a8-9a2e-f80f58ee8571,2026-10-03T21:06:16.978Z,fishing rod and reel combo,Here are rod and reel combos for freshwater fishing:
6e36aab0-d1bc-52d9-230d-977ee2257159,2026-10-03T17:32:35.284Z,camping chairs,"Here are camping chairs, from ultralight to recliners:"
66d22876-72fd-f202-2a96-fb1a14a0f9e7,2026-10-03T17:17:55.508Z,merino wool socks,"Here are merino wool hiking socks in light, mid and heavy cushion:"
fc891b4a-6a50-df4d-b4d6-6a3a47469a4d,2026-10-03T17:33:55.563Z,,"The **Summit Lite** chair weighs just 2 lb, and the **Basecamp Recliner** is the comfiest pick for car camping."
6e36aab0-d1bc-52d9-230d-977ee2257159,2026-10-03T17:32:35.284Z,camping chairs,"Here are camping chairs, from ultralight to recliners:"
6b4cb242-4a23-d596-2217-beaddbc496cb,2026-10-03T12:40:02.570Z,trekking poles,"Here are trekking poles, including foldable and carbon options:"
